task,metric,value,ci95_low,ci95_high,n
screening_binary,accuracy,0.7155963302752294,0.6330275229357798,0.7981651376146789,109
screening_binary,balanced_accuracy,0.7042682926829269,0.6168152943579112,0.7942696215402446,109
screening_binary,macro_f1,0.7011057054400707,0.6112987987987988,0.7865830425793111,109
screening_binary,roc_auc,0.7137733142037302,0.6108273667070085,0.8135519654556284,109
screening_binary,pr_auc,0.5875764167242025,0.4479655196862587,0.7629551697335174,109
screening_binary,sensitivity,0.6585365853658537,0.5142857142857142,0.8039322250639386,109
screening_binary,specificity,0.75,0.6417910447761194,0.8484848484848485,109
three_group,accuracy,0.6697247706422018,0.5871559633027523,0.7522935779816514,109
three_group,balanced_accuracy,0.6676468892348498,0.5759163059163059,0.7582197217139478,109
three_group,macro_f1,0.6744897959183672,0.5832496558695747,0.7593119043043886,109
three_group,macro_ovr_roc_auc,0.8105850414142447,0.7482592876719399,0.8744290218739839,109
