patient_id,disease_group,source_file,age,sex,height_cm,weight_kg,bmi,bp_systolic,bp_diastolic,smoking_status,drinking_status,past_history,diagnosis,diagnosis_date,sample_date,surgery_date,pathology,stage,tnm,t_stage,n_stage,m_stage,metastasis,treatment,fasting,surgery_name,chemo_date,treatment_detail,sample_timing,wbc,rbc,hb,hct,platelet,neutrophil_pct,lymphocyte_pct,ast,alt,alp,ggt,bun,creatinine,uric_acid,glucose,total_protein,albumin,total_bilirubin,ldh,calcium,hs_crp,sodium,potassium,chloride,total_cholesterol,triglyceride,hdl_c,ldl_c,hba1c,afp,cea,ca19_9,psa,ua_sg,ua_ph,ua_protein,ua_glucose,ua_blood,gleason_score,grade_group
PRO 1,PRO,SMCXD01_전립선암 임상정보.xlsx,73.0,M,157.6,78.6,31.6,,,0.0,0.0,무,C61,2023-10-30,2023-11-01,,left lobe,,pT3aN0M0,T3A,N0,M0,,,,,,,peri-op,,,,,,,,,,,,,,,,,,,,,,,,,,,,,,,,,,,,,,,7,2
PRO 2,PRO,SMCXD01_전립선암 임상정보.xlsx,77.0,M,,,,,,0.0,0.0,"HTN, CVA, Atrial_fibrilation",C61,2023-08-04,2023-11-01,,,,,,,,,,,,,,post-op,,,,,,,,,,,,,,,,,,,,,,,,,,,,,,,,,,,,,,,8,3
PRO 3,PRO,SMCXD01_전립선암 임상정보.xlsx,68.0,M,163.3,64.7,24.3,,,2.0,0.0,"HTN, Dyslipidemia",C61,2023-10-31,2023-11-01,,both lobes,,,,,,,,,,,,peri-op,,,,,,,,,,,,,,,,,,,,,,,,,,,,,,,,,,,,,,,8,3
PRO 4,PRO,SMCXD01_전립선암 임상정보.xlsx,87.0,M,157.8,54.0,21.7,,,2.0,0.0,"HTN, MI",C61,2023-10-31,2023-11-01,,both lobes,,,,,,,,,,,,peri-op,,,,,,,,,,,,,,,,,,,,,,,,,,,,,,,,,,,,,,,7,2
PRO 5,PRO,SMCXD01_전립선암 임상정보.xlsx,73.0,M,182.1,66.1,19.9,,,1.0,0.0,HTN,C61,2023-10-17,2023-11-07,,right lobe,,pT2cN0M0,T2C,N0,M0,,,,,,,post-op,,,,,,,,,,,,,,,,,,,,,,,,,,,,,,,,,,,,,,,7,2
PRO 6,PRO,SMCXD01_전립선암 임상정보.xlsx,75.0,M,160.9,65.9,25.5,,,2.0,2.0,HTN,C61,2023-11-09,2023-11-09,,right lobe,,pT2cN0M0,T2C,N0,M0,,,,,,,peri-op,,,,,,,,,,,,,,,,,,,,,,,,,,,,,,,,,,,,,,,7,2
PRO 7,PRO,SMCXD01_전립선암 임상정보.xlsx,84.0,M,162.8,61.8,23.3,,,1.0,0.0,"CVA, MI, 식도암, 대장암, Dyslipidemia",C61,2023-11-09,2023-11-09,,left lobe,,,,,,,,,,,,peri-op,,,,,,,,,,,,,,,,,,,,,,,,,,,,,,,,,,,,,,,6,1
PRO 8,PRO,SMCXD01_전립선암 임상정보.xlsx,70.0,M,165.5,59.7,21.8,,,1.0,2.0,"HTN, Dyslipidemia, Atrial_fibrilation,  후두암",C61,2023-11-09,2023-11-09,,left lobe,,T3bN0M0,T3B,N0,M0,,,,,,,peri-op,,,,,,,,,,,,,,,,,,,,,,,,,,,,,,,,,,,,,,,9,4
PRO 9,PRO,SMCXD01_전립선암 임상정보.xlsx,75.0,M,174.5,66.3,21.8,,,0.0,0.0,"HTN, Dyslipidemia",C61,2023-11-13,2023-11-13,,both lobes,,T4N1M1,T4,N1,M1,,,,,,,peri-op,,,,,,,,,,,,,,,,,,,,,,,,,,,,,,,,,,,,,,,8,3
PRO 10,PRO,SMCXD01_전립선암 임상정보.xlsx,82.0,M,168.0,55.0,19.5,,,2.0,0.0,무,C61,2023-11-14,2023-11-14,,,,,,,,,,,,,,peri-op,,,,,,,,,,,,,,,,,,,,,,,,,,,,,,,,,,,,,,,7,2
PRO 11,PRO,SMCXD01_전립선암 임상정보.xlsx,82.0,M,163.9,72.7,27.1,,,0.0,0.0,DM,C61,2023-11-14,2023-11-14,,both lobes,,,,,,,,,,,,peri-op,,,,,,,,,,,,,,,,,,,,,,,,,,,,,,,,,,,,,,,8,3
PRO 12,PRO,SMCXD01_전립선암 임상정보.xlsx,80.0,M,164.0,53.9,20.0,,,1.0,0.0,HTN,C61,2023-11-17,2023-11-17,,both lobes,,T3N0M1,T3,N0,M1,,,,,,,peri-op,,,,,,,,,,,,,,,,,,,,,,,,,,,,,,,,,,,,,,,9,4
PRO 13,PRO,SMCXD01_전립선암 임상정보.xlsx,67.0,M,166.3,76.4,27.6,,,0.0,2.0,"Dyslipidemia, 협심증",C61,2023-06-30,2023-11-17,,left lobe,,pT2c pNx,T2C,NX,,,,,,,,post-op,,,,,,,,,,,,,,,,,,,,,,,,,,,,,,,,,,,,,,,7,2
PRO 14,PRO,SMCXD01_전립선암 임상정보.xlsx,69.0,M,169.4,68.8,24.0,,,1.0,0.0,"DM, Atrial_fibrilation, HTN",C61,2023-02-27,2023-11-20,,left lobe,,pT2cN0M0,T2C,N0,M0,,,,,,,post-op,,,,,,,,,,,,,,,,,,,,,,,,,,,,,,,,,,,,,,,7,2
PRO 15,PRO,SMCXD01_전립선암 임상정보.xlsx,66.0,M,166.0,86.8,31.5,,,1.0,2.0,"HTN, Dyslipidemia, 협심증",C61,2023-11-20,2023-11-21,,both lobes,,T2cN0M0,T2C,N0,M0,,,,,,,peri-op,,,,,,,,,,,,,,,,,,,,,,,,,,,,,,,,,,,,,,,7,2
PRO 16,PRO,SMCXD01_전립선암 임상정보.xlsx,67.0,M,169.2,71.9,25.1,,,1.0,0.0,"HTN, Dyslipidemia, 협심증, DM",C61,2023-10-31,2023-11-21,,left lobe,,pT2cN0M,T2C,N0,,,,,,,,post-op,,,,,,,,,,,,,,,,,,,,,,,,,,,,,,,,,,,,,,,7,2
PRO 17,PRO,SMCXD01_전립선암 임상정보.xlsx,69.0,M,158.2,66.2,26.5,,,1.0,0.0,무,C61,2023-11-21,2023-11-21,,right lobe,,T4N0M0,T4,N0,M0,,,,,,,peri-op,,,,,,,,,,,,,,,,,,,,,,,,,,,,,,,,,,,,,,,7,2
PRO 18,PRO,SMCXD01_전립선암 임상정보.xlsx,76.0,M,160.2,64.7,25.2,,,0.0,0.0,"CVA, HTN",C61,2023-11-24,2023-11-24,,both lobes,,,,,,,,,,,,peri-op,,,,,,,,,,,,,,,,,,,,,,,,,,,,,,,,,,,,,,,8,3
PRO 19,PRO,SMCXD01_전립선암 임상정보.xlsx,75.0,M,170.0,69.3,24.0,,,1.0,2.0,무,C61,2023-11-29,2023-11-29,,both lobes,,pT2cN0M0,T2C,N0,M0,,,,,,,peri-op,,,,,,,,,,,,,,,,,,,,,,,,,,,,,,,,,,,,,,,7,2
PRO 20,PRO,SMCXD01_전립선암 임상정보.xlsx,87.0,M,,,,,,0.0,0.0,무,C61,2023-05-04,2023-11-29,,,,,,,,,,,,,,post-op,,,,,,,,,,,,,,,,,,,,,,,,,,,,,,,,,,,,,,,7,2
PRO 21,PRO,SMCXD01_전립선암 임상정보.xlsx,69.0,M,160.3,71.5,27.8,,,0.0,0.0,"신장암, Dyslipidemia, HTN",C61,2023-11-30,2023-11-30,,both lobes,,,,,,,,,,,,peri-op,,,,,,,,,,,,,,,,,,,,,,,,,,,,,,,,,,,,,,,7,2
PRO 22,PRO,SMCXD01_전립선암 임상정보.xlsx,67.0,M,169.3,65.2,22.7,,,1.0,0.0,무,C61,2023-11-30,2023-12-01,,both lobes,,,,,,,,,,,,peri-op,,,,,,,,,,,,,,,,,,,,,,,,,,,,,,,,,,,,,,,8,3
PRO 23,PRO,SMCXD01_전립선암 임상정보.xlsx,89.0,M,160.5,64.4,25.0,,,0.0,0.0,무,C61,2023-11-30,2023-12-01,,right lobe,,T1cN0M0,T1C,N0,M0,,,,,,,peri-op,,,,,,,,,,,,,,,,,,,,,,,,,,,,,,,,,,,,,,,7,2
PRO 24,PRO,SMCXD01_전립선암 임상정보.xlsx,91.0,M,169.8,68.9,23.9,,,0.0,0.0,"CVA, HTN, DM",C61,2023-12-04,2023-12-04,,left lobe,,,,,,,,,,,,peri-op,,,,,,,,,,,,,,,,,,,,,,,,,,,,,,,,,,,,,,,7,2
PRO 25,PRO,SMCXD01_전립선암 임상정보.xlsx,69.0,M,172.1,76.9,26.0,,,1.0,0.0,무,C61,2023-12-05,2023-12-05,,right lobe,,pT3aN0M,T3A,N0,,,,,,,,peri-op,,,,,,,,,,,,,,,,,,,,,,,,,,,,,,,,,,,,,,,7,2
PRO 26,PRO,SMCXD01_전립선암 임상정보.xlsx,60.0,M,151.6,59.4,25.8,,,0.0,2.0,"HTN, DM",C61,2023-11-28,2023-12-08,,right lobe,,pT2a pNx,T2A,NX,,,,,,,,post-op,,,,,,,,,,,,,,,,,,,,,,,,,,,,,,,,,,,,,,,7,2
PRO 27,PRO,SMCXD01_전립선암 임상정보.xlsx,70.0,M,162.8,68.5,25.8,,,1.0,0.0,"HTN, Dyslipidemia",C61,2023-12-11,2023-12-11,,left lobe,,pT3aN0M0,T3A,N0,M0,,,,,,,peri-op,,,,,,,,,,,,,,,,,,,,,,,,,,,,,,,,,,,,,,,7,2
PRO 28,PRO,SMCXD01_전립선암 임상정보.xlsx,81.0,M,162.0,60.0,22.9,,,0.0,0.0,"HTN, DM",C61,2023-12-11,2023-12-11,,right lobe,,,,,,,,,,,,peri-op,,,,,,,,,,,,,,,,,,,,,,,,,,,,,,,,,,,,,,,9,4
PRO 29,PRO,SMCXD01_전립선암 임상정보.xlsx,73.0,M,165.4,68.6,25.1,,,2.0,2.0,"Dyslipidemia, 협심증, DM",C61,2023-12-12,2023-12-12,,left lobe,,,,,,,,,,,,peri-op,,,,,,,,,,,,,,,,,,,,,,,,,,,,,,,,,,,,,,,9,4
PRO 30,PRO,SMCXD01_전립선암 임상정보.xlsx,84.0,M,166.3,88.5,32.0,,,1.0,0.0,"CVA, HTN, DM",C61,2023-12-15,2023-12-15,,both lobes,,T4N0M1,T4,N0,M1,,,,,,,peri-op,,,,,,,,,,,,,,,,,,,,,,,,,,,,,,,,,,,,,,,9,4
PRO 31,PRO,SMCXD01_전립선암 임상정보.xlsx,71.0,M,162.0,81.1,30.9,,,0.0,0.0,HTN,C61,2023-12-21,2023-12-21,,both lobes,,pT2cN0M0,T2C,N0,M0,,,,,,,peri-op,,,,,,,,,,,,,,,,,,,,,,,,,,,,,,,,,,,,,,,7,2
PRO 32,PRO,SMCXD01_전립선암 임상정보.xlsx,64.0,M,173.2,71.5,23.8,,,1.0,0.0,무,C61,2023-12-26,2023-12-26,,both lobes,,pT3bN1M1,T3B,N1,M1,,,,,,,peri-op,,,,,,,,,,,,,,,,,,,,,,,,,,,,,,,,,,,,,,,7,2
PRO 33,PRO,SMCXD01_전립선암 임상정보.xlsx,45.0,M,172.3,77.5,26.1,,,2.0,0.0,Dyslipidemia,C61,2023-12-26,2023-12-26,,left lobe,,pT2aN1M0,T2A,N1,M0,,,,,,,peri-op,,,,,,,,,,,,,,,,,,,,,,,,,,,,,,,,,,,,,,,6,1
PRO 34,PRO,SMCXD01_전립선암 임상정보.xlsx,74.0,M,163.9,69.1,25.7,,,1.0,2.0,무,C61,2023-12-18,2023-12-27,,right lobe,,pT3aN0M0,T3A,N0,M0,,,,,,,post-op,,,,,,,,,,,,,,,,,,,,,,,,,,,,,,,,,,,,,,,7,2
PRO 35,PRO,SMCXD01_전립선암 임상정보.xlsx,62.0,M,171.3,71.3,24.3,,,0.0,2.0,HTN,C61,2024-01-04,2024-01-05,,both lobes,,pT3aN0M0,T3A,N0,M0,,,,,,,peri-op,,,,,,,,,,,,,,,,,,,,,,,,,,,,,,,,,,,,,,,9,4
PRO 36,PRO,SMCXD01_전립선암 임상정보.xlsx,85.0,M,156.4,60.5,24.7,,,0.0,0.0,무,C61,2024-01-04,2024-01-05,,both lobes,,T3bN0M0,T3B,N0,M0,,,,,,,peri-op,,,,,,,,,,,,,,,,,,,,,,,,,,,,,,,,,,,,,,,8,3
PRO 37,PRO,SMCXD01_전립선암 임상정보.xlsx,77.0,M,167.2,69.4,24.8,,,0.0,2.0,"HTN, DM",C61,2023-12-05,2024-01-08,,right lobe,,T3bN0M0,T3B,N0,M0,,,,,,,post-op,,,,,,,,,,,,,,,,,,,,,,,,,,,,,,,,,,,,,,,7,2
PRO 38,PRO,SMCXD01_전립선암 임상정보.xlsx,70.0,M,160.0,59.6,23.3,,,2.0,1.0,간암,C61,2022-03-02,2024-02-01,,both lobes,,T3bN1M0,T3B,N1,M0,,,,,,,post-op,,,,,,,,,,,,,,,,,,,,,,,,,,,,,,,,,,,,,,,8,3
PRO 39,PRO,SMCXD01_전립선암 임상정보.xlsx,58.0,M,172.7,64.2,21.5,,,2.0,0.0,무,C61,2024-02-05,2024-02-05,,both lobes,,pT3aN0M0,T3A,N0,M0,,,,,,,peri-op,,,,,,,,,,,,,,,,,,,,,,,,,,,,,,,,,,,,,,,7,2
PRO 40,PRO,SMCXD01_전립선암 임상정보.xlsx,66.0,M,174.1,66.3,21.9,,,2.0,2.0,무,C61,2024-02-19,2024-02-19,,right lobe,,pT2cN0M0,T2C,N0,M0,,,,,,,peri-op,,,,,,,,,,,,,,,,,,,,,,,,,,,,,,,,,,,,,,,7,2
PRO 41,PRO,SMCXD01_전립선암 임상정보.xlsx,65.0,M,164.3,60.7,22.5,,,2.0,2.0,HTN,C61,2024-02-19,2024-02-19,,right lobe,,pT2cN0M0,T2C,N0,M0,,,,,,,peri-op,,,,,,,,,,,,,,,,,,,,,,,,,,,,,,,,,,,,,,,7,2
PRO 42,PRO,SMCXD01_전립선암 임상정보.xlsx,76.0,M,156.8,69.5,28.3,,,1.0,0.0,"HTN, Dyslipidemia, Respiratory_Disease",C61,2023-02-03,2024-03-04,,both lobes,,T3N1M1,T3,N1,M1,,,,,,,post-op,,,,,,,,,,,,,,,,,,,,,,,,,,,,,,,,,,,,,,,8,3
PRO 43,PRO,SMCXD01_전립선암 임상정보.xlsx,63.0,M,174.0,83.0,27.4,,,0.0,2.0,"HTN, Dyslipidemia, DM",C61,2024-03-12,2024-03-12,,right lobe,,pT2cN0M0,T2C,N0,M0,,,,,,,peri-op,,,,,,,,,,,,,,,,,,,,,,,,,,,,,,,,,,,,,,,7,2
PRO 44,PRO,SMCXD01_전립선암 임상정보.xlsx,67.0,M,165.1,75.1,27.6,,,0.0,2.0,Atrial_fibrilation,C61,2024-03-12,2024-03-12,,left lobe,,pT3aN0M0,T3A,N0,M0,,,,,,,peri-op,,,,,,,,,,,,,,,,,,,,,,,,,,,,,,,,,,,,,,,7,2
PRO 45,PRO,SMCXD01_전립선암 임상정보.xlsx,71.0,M,159.0,73.0,28.9,,,0.0,2.0,Dyslipidemia,C61,2024-03-12,2024-03-13,,right lobe,,pT2cN0M0,T2C,N0,M0,,,,,,,peri-op,,,,,,,,,,,,,,,,,,,,,,,,,,,,,,,,,,,,,,,7,2
PRO 46,PRO,SMCXD01_전립선암 임상정보.xlsx,67.0,M,168.4,59.9,21.1,,,1.0,0.0,무,C61,2024-03-18,2024-03-18,,both lobes,,pT3aN0M0,T3A,N0,M0,,,,,,,peri-op,,,,,,,,,,,,,,,,,,,,,,,,,,,,,,,,,,,,,,,7,2
PRO 47,PRO,SMCXD01_전립선암 임상정보.xlsx,72.0,M,176.0,68.7,22.2,,,2.0,2.0,무,C61,2024-03-25,2024-03-25,,right lobe,,pT3aN0M0,T3A,N0,M0,,,,,,,peri-op,,,,,,,,,,,,,,,,,,,,,,,,,,,,,,,,,,,,,,,7,2
PRO 48,PRO,SMCXD01_전립선암 임상정보.xlsx,60.0,M,175.0,72.3,23.6,,,0.0,2.0,무,C61,2024-03-26,2024-03-26,,both lobes,,pT2cN0M0,T2C,N0,M0,,,,,,,peri-op,,,,,,,,,,,,,,,,,,,,,,,,,,,,,,,,,,,,,,,7,2
PRO 49,PRO,SMCXD01_전립선암 임상정보.xlsx,68.0,M,160.6,67.2,26.1,,,1.0,0.0,"HTN, Dyslipidemia, DM",C61,2024-03-26,2024-03-27,,right lobe,,pT2cN0M0,T2C,N0,M0,,,,,,,peri-op,,,,,,,,,,,,,,,,,,,,,,,,,,,,,,,,,,,,,,,7,2
PRO 50,PRO,SMCXD01_전립선암 임상정보.xlsx,69.0,M,173.6,69.8,23.2,,,0.0,0.0,무,C61,2024-03-28,2024-03-29,,left lobe,,pT2c pNx,T2C,NX,,,,,,,,peri-op,,,,,,,,,,,,,,,,,,,,,,,,,,,,,,,,,,,,,,,7,2
PRO 51,PRO,SMCXD01_전립선암 임상정보.xlsx,54.0,M,173.8,77.7,25.7,,,1.0,2.0,"Hepatitis, Dyslipidemia",C61,2024-03-28,2024-03-29,,left lobe,,pT2cN0M0,T2C,N0,M0,,,,,,,peri-op,,,,,,,,,,,,,,,,,,,,,,,,,,,,,,,,,,,,,,,7,2
PRO 52,PRO,SMCXD01_전립선암 임상정보.xlsx,55.0,M,172.4,63.5,21.4,,,0.0,0.0,무,C61,2024-03-18,2024-04-01,,right lobe,,pT2cN0M0,T2C,N0,M0,,,,,,,post-op,,,,,,,,,,,,,,,,,,,,,,,,,,,,,,,,,,,,,,,7,2
PRO 53,PRO,SMCXD01_전립선암 임상정보.xlsx,68.0,M,176.3,73.4,23.6,,,1.0,0.0,ThyroidCA,C61,2024-04-04,2024-04-05,,right lobe,,pT2cN0M0,T2C,N0,M0,,,,,,,peri-op,,,,,,,,,,,,,,,,,,,,,,,,,,,,,,,,,,,,,,,7,2
PRO 54,PRO,SMCXD01_전립선암 임상정보.xlsx,81.0,M,169.8,71.9,24.9,,,1.0,0.0,"cataract, 담도암",C61,2021-07-15,2024-04-08,,right lobe,,T1cN0M0,T1C,N0,M0,,,,,,,post-op,,,,,,,,,,,,,,,,,,,,,,,,,,,,,,,,,,,,,,,6,1
PRO 55,PRO,SMCXD01_전립선암 임상정보.xlsx,88.0,M,158.9,69.9,27.7,,,1.0,0.0,"HTN, DM",C61,2024-04-15,2024-04-15,,,,T1aN0M0,T1A,N0,M0,,,,,,,peri-op,,,,,,,,,,,,,,,,,,,,,,,,,,,,,,,,,,,,,,,7,2
PRO 56,PRO,SMCXD01_전립선암 임상정보.xlsx,60.0,M,168.0,69.0,24.4,,,1.0,0.0,HTN,C61,2024-04-18,2024-04-30,,right lobe,,pT3aN0M0,T3A,N0,M0,,,,,,,post-op,,,,,,,,,,,,,,,,,,,,,,,,,,,,,,,,,,,,,,,7,2
PRO 57,PRO,SMCXD01_전립선암 임상정보.xlsx,68.0,M,171.0,63.4,21.7,,,0.0,0.0,무,C61,2017-06-20,2024-05-02,,both lobes,,T3N0M0,T3,N0,M0,,,,,,,post-op,,,,,,,,,,,,,,,,,,,,,,,,,,,,,,,,,,,,,,,8,3
PRO 58,PRO,SMCXD01_전립선암 임상정보.xlsx,74.0,M,,,,,,0.0,0.0,dyslipidemia,C61,2024-05-02,2024-05-02,,both lobes,,T3N0M1b,T3,N0,M1B,,,,,,,peri-op,,,,,,,,,,,,,,,,,,,,,,,,,,,,,,,,,,,,,,,8,3
PRO 59,PRO,SMCXD01_전립선암 임상정보.xlsx,62.0,M,173.8,78.5,26.0,,,0.0,2.0,HTN,C61,2023-12-07,2024-05-03,,both lobes,,cT4N0M1b,T4,N0,M1B,,,,,,,post-op,,,,,,,,,,,,,,,,,,,,,,,,,,,,,,,,,,,,,,,9,4
PRO 60,PRO,SMCXD01_전립선암 임상정보.xlsx,84.0,M,165.1,56.6,20.8,,,1.0,0.0,떨림,C61,2024-03-25,2024-05-07,,left lobe,,,,,,,,,,,,post-op,,,,,,,,,,,,,,,,,,,,,,,,,,,,,,,,,,,,,,,6,1
PRO 61,PRO,SMCXD01_전립선암 임상정보.xlsx,64.0,M,,,,,,0.0,0.0,무,C61,2023-10-30,2024-05-08,,both lobes,,cT4N1Mib,T4,N1,,,,,,,,post-op,,,,,,,,,,,,,,,,,,,,,,,,,,,,,,,,,,,,,,,9,4
PRO 62,PRO,SMCXD01_전립선암 임상정보.xlsx,75.0,M,,,,,,0.0,0.0,"대동맥동맥류 및 박리, 갑상선암, 대장암",C61,2014-02-25,2024-05-08,,left lobe,,pT3aN0M0,T3A,N0,M0,,,,,,,post-op,,,,,,,,,,,,,,,,,,,,,,,,,,,,,,,,,,,,,,,9,4
PRO 63,PRO,SMCXD01_전립선암 임상정보.xlsx,85.0,M,,,,,,0.0,0.0,HTN,C61,2022-05-23,2024-05-13,,both lobes,,cT3N0M1b,T3,N0,M1B,,,,,,,post-op,,,,,,,,,,,,,,,,,,,,,,,,,,,,,,,,,,,,,,,9,4
PRO 64,PRO,SMCXD01_전립선암 임상정보.xlsx,83.0,M,156.9,66.6,27.1,,,0.0,0.0,"HTN, 심장의동맥류",C61,2020-09-21,2024-05-17,,both lobes,,pT1cN0M0,T1C,N0,M0,,,,,,,post-op,,,,,,,,,,,,,,,,,,,,,,,,,,,,,,,,,,,,,,,7,2
PRO 65,PRO,SMCXD01_전립선암 임상정보.xlsx,86.0,M,163.0,58.0,21.8,,,0.0,0.0,무,C61,2023-09-21,2024-05-17,,both lobes,,cT4N0M1c,T4,N0,M1C,,,,,,,post-op,,,,,,,,,,,,,,,,,,,,,,,,,,,,,,,,,,,,,,,9,4
PRO 66,PRO,SMCXD01_전립선암 임상정보.xlsx,63.0,M,171.6,70.6,24.0,,,0.0,0.0,협심증,C61,2023-03-15,2024-05-17,,both lobes,,cT4N2M1b,T4,N2,M1B,,,,,,,post-op,,,,,,,,,,,,,,,,,,,,,,,,,,,,,,,,,,,,,,,9,4
PRO 67,PRO,SMCXD01_전립선암 임상정보.xlsx,83.0,M,167.0,55.0,19.7,,,0.0,0.0,"Atrial_fibrilation, 치매, Respiratory_Disease",C61,2023-08-22,2024-05-17,,both lobes,,cT4N2M0,T4,N2,M0,,,,,,,post-op,,,,,,,,,,,,,,,,,,,,,,,,,,,,,,,,,,,,,,,7,2
PRO 68,PRO,SMCXD01_전립선암 임상정보.xlsx,82.0,M,,,,,,0.0,0.0,중이진주종,C61,2023-03-07,2024-05-17,,both lobes,,cT4N2M1b,T4,N2,M1B,,,,,,,post-op,,,,,,,,,,,,,,,,,,,,,,,,,,,,,,,,,,,,,,,9,4
PRO 69,PRO,SMCXD01_전립선암 임상정보.xlsx,72.0,M,169.0,66.9,23.4,,,0.0,0.0,"HTN, Dyslipidemia",C61,2017-02-22,2024-05-17,,both lobes,,cT3bN1M0,T3B,N1,M0,,,,,,,post-op,,,,,,,,,,,,,,,,,,,,,,,,,,,,,,,,,,,,,,,8,3
PRO 70,PRO,SMCXD01_전립선암 임상정보.xlsx,81.0,M,161.8,60.0,22.9,,,0.0,0.0,HTN,C61,2024-01-25,2024-05-24,,both lobes,,cT4N1M1a,T4,N1,M1A,,,,,,,post-op,,,,,,,,,,,,,,,,,,,,,,,,,,,,,,,,,,,,,,,10,4
PRO 71,PRO,SMCXD01_전립선암 임상정보.xlsx,86.0,M,,,,,,0.0,0.0,"HTN, Dyslipidemia, DM",C61,2014-03-26,2024-05-24,,right lobe,,,,,,,,,,,,post-op,,,,,,,,,,,,,,,,,,,,,,,,,,,,,,,,,,,,,,,7,2
PRO 72,PRO,SMCXD01_전립선암 임상정보.xlsx,69.0,M,174.6,61.4,20.1,,,2.0,0.0,무,C61,2021-12-02,2024-05-31,,both lobes,,pT4N0M1b,T4,N0,M1B,,,,,,,post-op,,,,,,,,,,,,,,,,,,,,,,,,,,,,,,,,,,,,,,,9,4
PRO 73,PRO,SMCXD01_전립선암 임상정보.xlsx,76.0,M,160.0,65.0,25.4,,,1.0,0.0,"HTN, Dyslipidemia, DM",C61,2018-10-23,2024-05-31,,both lobes,,cT2N0M1b,T2,N0,M1B,,,,,,,post-op,,,,,,,,,,,,,,,,,,,,,,,,,,,,,,,,,,,,,,,7,2
PRO 74,PRO,SMCXD01_전립선암 임상정보.xlsx,85.0,M,155.8,52.5,21.6,,,0.0,0.0,"Respiratory_Disease, CVA, HTN",C61,2023-08-31,2024-06-11,,left lobe,,,,,,,,,,,,post-op,,,,,,,,,,,,,,,,,,,,,,,,,,,,,,,,,,,,,,,9,4
PRO 75,PRO,SMCXD01_전립선암 임상정보.xlsx,66.0,M,175.0,76.5,25.0,,,0.0,0.0,"HTN, DM",C61,2024-01-29,2024-06-11,,,,cT3aN0M0,T3A,N0,M0,,,,,,,post-op,,,,,,,,,,,,,,,,,,,,,,,,,,,,,,,,,,,,,,,7,2
PRO 76,PRO,SMCXD01_전립선암 임상정보.xlsx,88.0,M,159.7,59.9,23.5,,,0.0,0.0,무,C61,2024-02-20,2024-06-11,,both lobes,,cT4N0Mib,T4,N0,,,,,,,,post-op,,,,,,,,,,,,,,,,,,,,,,,,,,,,,,,,,,,,,,,8,3
PRO 77,PRO,SMCXD01_전립선암 임상정보.xlsx,70.0,M,165.7,70.0,25.5,,,0.0,0.0,"HTN, Dyslipidemia, CVA",C61,2023-12-29,2024-06-12,,both lobes,,,,,,,,,,,,post-op,,,,,,,,,,,,,,,,,,,,,,,,,,,,,,,,,,,,,,,7,2
PRO 78,PRO,SMCXD01_전립선암 임상정보.xlsx,68.0,M,,,,,,0.0,0.0,무,C61,2017-06-27,2024-06-17,,,,T3bN0M0  ,T3B,N0,M0,,,,,,,post-op,,,,,,,,,,,,,,,,,,,,,,,,,,,,,,,,,,,,,,,8,3
PRO 79,PRO,SMCXD01_전립선암 임상정보.xlsx,67.0,M,162.0,65.5,25.0,,,1.0,0.0,"HTN, TB",C61,2024-06-18,2024-06-18,,right lobe,,pT2c pNx,T2C,NX,,,,,,,,peri-op,,,,,,,,,,,,,,,,,,,,,,,,,,,,,,,,,,,,,,,7,2
PRO 80,PRO,SMCXD01_전립선암 임상정보.xlsx,73.0,M,166.5,68.0,24.5,,,0.0,0.0,"Thyroid_Disease, Hepatitis, Dyslipidemia, cataract",C61,2022-01-18,2024-06-26,,left lobe,,pT3aN0M0,T3A,N0,M0,,,,,,,post-op,,,,,,,,,,,,,,,,,,,,,,,,,,,,,,,,,,,,,,,8,3
PRO 81,PRO,SMCXD01_전립선암 임상정보.xlsx,72.0,M,160.0,65.0,25.4,,,0.0,0.0,무,C61,2018-03-09,2024-06-27,,left lobe,,pT3aN0M0,T3A,N0,M0,,,,,,,post-op,,,,,,,,,,,,,,,,,,,,,,,,,,,,,,,,,,,,,,,7,2
PRO 82,PRO,SMCXD01_전립선암 임상정보.xlsx,77.0,M,,,,,,0.0,0.0,무,C61,2024-01-11,2024-06-27,,both lobes,,T3bN0M1c,T3B,N0,M1C,,,,,,,post-op,,,,,,,,,,,,,,,,,,,,,,,,,,,,,,,,,,,,,,,7,2
PRO 83,PRO,SMCXD01_전립선암 임상정보.xlsx,75.0,M,158.8,72.0,28.6,,,1.0,0.0,"HTN, Dyslipidemia, DM, 방광암",C61,2024-06-11,2024-06-28,,both lobes,,cT2N0M1b ,T2,N0,M1B,,,,,,,post-op,,,,,,,,,,,,,,,,,,,,,,,,,,,,,,,,,,,,,,,8,3
PRO 84,PRO,SMCXD01_전립선암 임상정보.xlsx,70.0,M,171.4,60.0,20.4,,,2.0,2.0,"CVA, DM",C61,2015-03-17,2024-07-01,,both lobes,,,,,,,,,,,,post-op,,,,,,,,,,,,,,,,,,,,,,,,,,,,,,,,,,,,,,,7,2
PRO 85,PRO,SMCXD01_전립선암 임상정보.xlsx,64.0,M,,,,,,,,무,C61,2024-02-23,2024-07-03,,left lobe,,,,,,,,,,,,post-op,,,,,,,,,,,,,,,,,,,,,,,,,,,,,,,,,,,,,,,7,2
PRO 86,PRO,SMCXD01_전립선암 임상정보.xlsx,82.0,M,,,,,,0.0,0.0,상세불명의 망막장애,C61,2014-02-11,2024-07-04,,both lobes,,T4N0M0,T4,N0,M0,,,,,,,post-op,,,,,,,,,,,,,,,,,,,,,,,,,,,,,,,,,,,,,,,9,4
PRO 87,PRO,SMCXD01_전립선암 임상정보.xlsx,68.0,M,,,,,,,,Dyslipidemia,C61,2024-07-04,2024-07-04,,,,,,,,,,,,,,peri-op,,,,,,,,,,,,,,,,,,,,,,,,,,,,,,,,,,,,,,,7,2
PRO 88,PRO,SMCXD01_전립선암 임상정보.xlsx,84.0,M,161.0,53.0,20.4,,,1.0,0.0,"heart_failure, Respiratory_Disease, DM",C61,2021-07-13,2024-07-05,,right lobe,,cT3bN1M1b,T3B,N1,M1B,,,,,,,post-op,,,,,,,,,,,,,,,,,,,,,,,,,,,,,,,,,,,,,,,8,3
PRO 89,PRO,SMCXD01_전립선암 임상정보.xlsx,68.0,M,171.0,64.0,21.9,,,1.0,0.0,무,C61,2020-09-01,2024-07-05,,,,cT4N1M1,T4,N1,M1,,,,,,,post-op,,,,,,,,,,,,,,,,,,,,,,,,,,,,,,,,,,,,,,,8,3
PRO 90,PRO,SMCXD01_전립선암 임상정보.xlsx,84.0,M,161.0,43.8,16.9,,,1.0,0.0,무,C61,2023-11-16,2024-07-09,,both lobes,,cT4N1M1b,T4,N1,M1B,,,,,,,post-op,,,,,,,,,,,,,,,,,,,,,,,,,,,,,,,,,,,,,,,9,4
PRO 91,PRO,SMCXD01_전립선암 임상정보.xlsx,88.0,M,166.9,59.3,21.3,,,0.0,0.0,HTN,C61,2023-01-30,2024-07-09,,both lobes,,cT1N1M1b,T1,N1,M1B,,,,,,,post-op,,,,,,,,,,,,,,,,,,,,,,,,,,,,,,,,,,,,,,,9,4
PRO 92,PRO,SMCXD01_전립선암 임상정보.xlsx,77.0,M,,,,,,,,"HTN, DM",C61,2024-06-19,2024-07-09,,both lobes,,cT3bN0M0,T3B,N0,M0,,,,,,,post-op,,,,,,,,,,,,,,,,,,,,,,,,,,,,,,,,,,,,,,,8,3
PRO 93,PRO,SMCXD01_전립선암 임상정보.xlsx,85.0,M,170.4,76.8,26.4,,,1.0,0.0,Hepatitis,C61,2021-09-16,2024-07-09,,both lobes,,cT4N0M1b,T4,N0,M1B,,,,,,,post-op,,,,,,,,,,,,,,,,,,,,,,,,,,,,,,,,,,,,,,,9,4
PRO 94,PRO,SMCXD01_전립선암 임상정보.xlsx,69.0,M,150.8,52.2,23.0,,,0.0,0.0,"Thyroid_Disease, StomachCA, HTN",C61,2015-12-24,2024-07-10,,both lobes,,,,,,,,,,,,post-op,,,,,,,,,,,,,,,,,,,,,,,,,,,,,,,,,,,,,,,9,4
PRO 95,PRO,SMCXD01_전립선암 임상정보.xlsx,82.0,M,,,,,,0.0,0.0,HTN,C61,2019-07-16,2024-07-11,,both lobes,,cT1c,T1C,,,,,,,,,post-op,,,,,,,,,,,,,,,,,,,,,,,,,,,,,,,,,,,,,,,7,2
PRO 96,PRO,SMCXD01_전립선암 임상정보.xlsx,90.0,M,,,,,,0.0,0.0,"HTN, 치매",C61,2021-11-22,2024-07-12,,both lobes,,cT3bN1M1b,T3B,N1,M1B,,,,,,,post-op,,,,,,,,,,,,,,,,,,,,,,,,,,,,,,,,,,,,,,,9,4
PRO 97,PRO,SMCXD01_전립선암 임상정보.xlsx,64.0,M,171.6,77.2,26.2,,,1.0,0.0,담석증,C61,2024-06-04,2024-07-19,,,,,,,,,,,,,,post-op,,,,,,,,,,,,,,,,,,,,,,,,,,,,,,,,,,,,,,,7,2
PRO 98,PRO,SMCXD01_전립선암 임상정보.xlsx,74.0,M,165.0,79.0,29.0,,,,,"협심증, HTN, DM",C61,2024-05-09,2024-07-22,,left lobe,,,,,,,,,,,,post-op,,,,,,,,,,,,,,,,,,,,,,,,,,,,,,,,,,,,,,,7,2
PRO 99,PRO,SMCXD01_전립선암 임상정보.xlsx,66.0,M,,,,,,1.0,,"HTN, DM",C61,2024-07-22,2024-07-22,,both lobes,,,,,,,,,,,,peri-op,,,,,,,,,,,,,,,,,,,,,,,,,,,,,,,,,,,,,,,7,2
PRO 100,PRO,SMCXD01_전립선암 임상정보.xlsx,79.0,M,162.2,69.3,26.3,,,1.0,0.0,"HTN, DM, 백내장",C61,2019-02-13,2024-07-24,,,,pT4N1M1,T4,N1,M1,,,,,,,post-op,,,,,,,,,,,,,,,,,,,,,,,,,,,,,,,,,,,,,,,8,3
