50.893160,22321.360000
52.821620,22321.360000
54.750090,22321.360000
56.678560,22321.360000
58.607030,22321.360000
60.535490,18399.900000
62.463960,17674.780000
64.392430,17169.100000
66.320890,16569.330000
68.249360,16009.030000
70.177830,15553.200000
72.106290,15152.340000
74.034760,14805.410000
75.963230,14600.500000
77.891690,14238.390000
79.820160,13970.760000
81.748630,13735.220000
83.677090,13516.590000
85.605560,13388.210000
87.534030,13352.420000
89.462490,13252.320000
91.390960,12953.950000
93.319430,12726.550000
95.247890,12607.510000
97.176360,12512.720000
99.104830,12332.340000
101.033300,12082.000000
102.961800,11864.000000
104.890200,11626.090000
106.818700,11455.800000
108.747200,11308.180000
110.675600,11115.410000
112.604100,10891.240000
114.532600,10655.270000
116.461000,10393.220000
118.389500,10076.480000
120.318000,9724.927000
122.246400,9364.272000
124.174900,9024.646000
126.103400,8752.423000
128.031800,8547.097000
129.960300,8332.059000
131.888800,8020.935000
133.817200,7696.794000
135.745700,7440.657000
137.674200,7231.799000
139.602600,6852.861000
141.531100,6505.305000
143.459600,6211.365000
145.388000,5845.071000
147.316500,5583.701000
149.245000,5372.085000
151.173400,4989.636000
153.101900,4775.415000
155.030400,4584.645000
156.958800,4342.572000
158.887300,4103.216000
160.815800,3939.883000
162.744200,3857.183000
164.672700,3774.764000
166.601200,3567.231000
168.529600,3457.704000
170.458100,3410.184000
172.386600,3351.294000
174.315000,3265.260000
176.243500,3193.996000
178.172000,3208.050000
180.100400,3176.579000
182.028900,3161.883000
183.957400,3143.156000
185.885800,3109.280000
187.814300,3067.318000
189.742800,3044.509000
191.671200,3044.717000
193.599700,2962.265000
195.528200,2960.603000
197.456600,2996.153000
199.385100,3042.829000
201.313600,3092.307000
203.242000,3141.939000
205.170500,3199.081000
207.099000,3280.548000
209.027400,3379.297000
210.955900,3341.463000
212.884400,3292.324000
214.812800,3425.828000
216.741300,3496.995000
218.669800,3467.942000
220.598200,3466.151000
222.526700,3532.125000
224.455200,3598.898000
226.383600,3628.820000
228.312100,3639.689000
230.240600,3669.415000
232.169000,3790.510000
234.097500,3868.076000
236.026000,3815.963000
237.954400,3717.549000
239.882900,3683.590000
241.811400,3748.237000
243.739800,3526.441000
245.668300,3466.817000
247.596800,3389.673000
249.525200,3246.968000
251.453700,3081.727000
253.382200,2924.659000
255.310600,2759.963000
257.239100,2568.903000
259.167600,2423.413000
261.096000,2335.975000
263.024500,2274.035000
264.953000,2192.863000
266.881400,2055.473000
268.809900,1938.403000
270.738400,1900.983000
272.666800,1857.813000
274.595300,1829.336000
276.523800,1776.899000
278.452200,1678.242000
280.380700,1655.175000
282.309200,1686.305000
284.237600,1713.883000
286.166100,1719.763000
288.094600,1719.250000
290.023000,1714.417000
291.951500,1691.276000
293.880000,1624.363000
295.808400,1657.886000
297.736900,1644.245000
299.665400,1583.862000
301.593800,1498.351000
303.522300,1373.982000
305.450800,1238.945000
307.379200,1173.867000
309.307700,1083.776000
311.236200,983.277100
313.164600,884.399000
315.093100,803.367900
317.021600,746.456600
318.950000,689.407000
320.878500,617.456800
322.807000,549.120100
324.735400,512.166900
326.663900,496.526900
328.592400,469.734400
330.520800,384.743800
332.449300,377.588800
334.377800,381.027800
336.306200,350.680800
338.234700,292.909700
340.163200,248.863800
342.091600,269.449900
344.020100,329.563900
345.948600,209.405200
347.877000,205.470100
349.805500,241.783700
351.734000,269.844400
353.662400,293.595100
355.590900,290.583200
357.519400,248.699800
359.447800,219.666900
361.376300,248.846500
363.304800,261.958300
365.233200,214.480600
367.161700,145.376500
369.090200,193.065400
371.018600,256.979800
372.947100,265.049400
374.875600,217.489100
376.804000,158.201600
378.732500,132.855000
380.661000,142.849700
382.589400,148.631300
384.517900,180.554900
386.446400,180.113100
388.374800,158.937300
390.303300,153.179300
392.231800,158.031000
394.160200,146.467500
396.088700,115.821400
398.017200,90.731600
399.945600,87.574260
401.874100,90.570500
403.802600,81.663200
405.731000,90.731730
407.659500,129.193100
409.588000,107.182000
411.516400,115.237000
413.444900,183.848900
415.373400,239.526400
417.301800,194.609300
419.230300,168.262300
421.158800,263.314800
423.087200,248.828400
425.015700,236.734100
426.944200,306.499000
428.872700,384.786800
430.801100,408.607500
432.729600,439.765200
434.658100,513.268600
436.586500,584.603700
438.515000,603.843600
440.443500,618.889700
442.371900,689.861100
444.300400,726.564900
446.228900,643.280500
448.157300,565.967200
450.085800,549.789200
452.014300,555.184900
453.942700,434.004800
455.871200,380.513700
457.799700,343.351600
459.728100,268.542500
461.656600,175.722000
463.585100,89.932220
465.513500,47.054910
467.442000,65.806390
469.370500,32.133410
471.298900,11.665370
473.227400,22.333890
475.155900,38.997350
477.084300,19.839350
479.012800,29.898930
480.941300,8.672665
482.869700,-18.270370
484.798200,10.612060
486.726700,66.701030
488.655100,77.283900
490.583600,1.549610
492.512100,-36.046520
494.440500,-24.901000
496.369000,-27.244780
498.297500,-42.323730
500.225900,-36.967450
502.154400,-7.878834
504.082900,-14.900910
506.011300,-32.363520
507.939800,-25.059890
509.868300,-11.984680
511.796700,-18.908860
513.725200,-44.366660
515.653700,-25.852930
517.582200,92.620570
519.510600,27.425200
521.439100,-6.950558
523.367600,49.285040
525.296000,28.433270
527.224500,8.026810
529.153000,13.291250
531.081400,4.789806
533.009900,-2.193104
534.938400,28.036100
536.866800,36.957890
538.795300,-15.395280
540.723800,40.008070
542.652200,-37.579880
544.580700,-40.900590
546.509200,12.315230
548.437600,20.218910
550.366100,-40.960790
552.294600,-74.008540
554.223000,-55.849670
556.151500,-29.329630
558.080000,-15.541690
560.008400,1.554893
561.936900,4.765297
563.865400,-28.177590
565.793800,-26.216140
567.722300,13.098090
569.650800,47.130830
571.579200,46.225320
573.507700,11.295140
575.436200,46.201100
577.364600,96.977390
579.293100,88.172550
581.221600,24.082500
583.150000,-30.815010
585.078500,3.733192
587.007000,60.518350
588.935400,48.373470
590.863900,21.924740
592.792400,35.260060
594.720800,51.606710
596.649300,44.931950
598.577800,79.694040
600.506200,62.063610
602.434700,50.195430
604.363200,58.066550
606.291600,70.189650
608.220100,69.337430
610.148600,164.453000
612.077000,219.811400
614.005500,200.750000
615.934000,162.862800
617.862400,128.384000
619.790900,101.637300
621.719400,97.841250
623.647800,147.466300
625.576300,199.389300
627.504800,129.196500
629.433200,39.222090
631.361700,14.099120
633.290200,4.129101
635.218600,-11.236330
637.147100,24.227180
639.075600,57.726650
641.004000,42.915640
642.932500,-17.051320
644.861000,-42.932300
646.789400,-22.052270
648.717900,3.202778
650.646400,5.518379
652.574800,-21.617690
654.503300,-60.179790
656.431800,-55.669910
658.360200,19.941990
660.288700,-6.642941
662.217200,23.833100
664.145600,16.342510
666.074100,-22.100060
668.002600,35.866930
669.931000,15.277180
671.859500,29.761270
673.788000,33.725220
675.716400,30.780090
677.644900,50.593110
679.573400,72.772900
681.501800,106.940800
683.430300,122.121900
685.358800,99.943480
687.287200,84.102960
689.215700,87.151130
691.144200,67.367520
693.072600,3.230885
695.001100,23.130370
696.929600,30.097940
698.858000,10.832810
700.786500,26.379630
702.715000,132.379500
704.643400,96.360800
706.571900,84.893750
708.500400,94.904860
710.428800,79.960560
712.357300,50.049580
714.285800,101.047400
716.214200,103.247200
718.142700,137.475000
720.071200,189.691100
721.999600,208.772300
723.928100,222.938700
725.856600,188.668500
727.785000,130.654100
729.713500,161.184400
731.642000,188.152200
733.570400,162.493600
735.498900,177.230700
737.427400,252.329100
739.355800,143.038800
741.284300,168.373000
743.212800,160.250000
745.141200,131.933700
747.069700,102.740100
748.998200,77.347110
750.926600,95.947220
752.855100,76.298690
754.783600,52.992320
756.712000,21.179220
758.640500,-14.577140
760.569000,18.859440
762.497400,41.277550
764.425900,2.025059
766.354400,-47.265960
768.282800,-73.759570
770.211300,-86.273180
772.139800,-55.878330
774.068200,-13.177320
775.996700,-5.374027
777.925200,24.223920
779.853600,8.766422
781.782100,-2.951138
783.710600,40.419640
785.639000,35.471240
787.567500,108.538700
789.496000,172.806400
791.424400,191.979300
793.352900,198.385100
795.281400,266.502300
797.209800,211.134600
799.138300,197.305300
801.066800,131.012900
802.995200,77.126910
804.923700,112.992900
806.852200,125.224700
808.780600,125.026300
810.709100,69.799370
812.637600,-13.425080
814.566000,-66.159300
816.494500,-55.950150
818.423000,-78.920470
820.351400,-60.276330
822.279900,-24.576060
824.208400,-22.143430
826.136800,-21.107100
828.065300,-33.684620
829.993800,-15.970960
831.922200,26.398360
833.850700,15.570300
835.779200,11.605900
837.707600,27.373290
839.636100,12.037760
841.564600,-22.511550
843.493000,53.699710
845.421500,47.953270
847.350000,21.169780
849.278400,32.989600
851.206900,60.953750
853.135400,-9.589909
855.063800,16.606930
856.992300,-13.191840
858.920800,-17.754550
860.849200,23.418060
862.777700,31.576730
864.706200,40.023670
866.634600,-15.873440
868.563100,26.932750
870.491600,67.118000
872.420000,35.205750
874.348500,97.072430
876.277000,61.603070
878.205400,30.003200
880.133900,27.307000
882.062400,38.460260
883.990800,51.062570
885.919300,113.988700
887.847800,176.821600
889.776200,126.948200
891.704700,72.093710
893.633200,98.323930
895.561600,127.879900
897.490100,95.297330
899.418600,92.311000
901.347000,79.696950
903.275500,48.592880
905.204000,65.798830
907.132400,106.462000
909.060900,107.009600
910.989400,64.205310
912.917800,54.569890
914.846300,84.655300
916.774800,58.720340
918.703200,15.648040
920.631700,11.850270
922.560200,37.951020
924.488600,68.226660
926.417100,35.386650
928.345600,21.573800
930.274000,87.170410
932.202500,124.881800
934.131000,83.574440
936.059400,47.445790
937.987900,37.458990
939.916400,28.839360
941.844800,-1.500496
943.773300,-34.908750
945.701800,-54.753320
947.630200,-28.358210
949.558700,-24.285680
951.487200,-58.322590
953.415600,-36.909160
955.344100,13.438500
957.272600,-27.288180
959.201000,-23.530360
961.129500,20.282010
963.058000,28.298090
964.986500,36.502730
966.914900,66.166670
968.843400,80.842880
970.771900,101.295300
972.700300,159.159800
974.628800,264.273100
976.557300,356.456100
978.485700,345.537000
980.414200,460.651800
982.342700,641.088600
984.271100,791.119100
986.199600,956.516800
988.128100,1059.815000
990.056500,1205.735000
991.985000,1298.999000
993.913500,1305.625000
995.841900,1300.384000
997.770400,1337.417000
999.698900,1186.680000
1001.627000,1053.538000
1003.556000,933.368800
1005.484000,821.319200
1007.413000,752.377100
1009.341000,637.993800
1011.270000,520.113500
1013.198000,430.827500
1015.127000,420.864100
1017.055000,420.686800
1018.984000,279.651800
1020.912000,240.441800
1022.840000,178.808000
1024.769000,122.599600
1026.697000,116.701000
1028.626000,163.705500
1030.554000,162.980100
1032.483000,87.349950
1034.411000,69.385190
1036.340000,90.670820
1038.268000,119.113100
1040.197000,140.499800
1042.125000,108.801000
1044.054000,106.101200
1045.982000,98.352020
1047.911000,70.313840
1049.839000,51.669270
1051.767000,69.307970
1053.696000,70.132260
1055.624000,84.102570
1057.553000,35.862460
1059.481000,-10.950410
1061.410000,-17.153890
1063.338000,-23.469940
1065.267000,13.979870
1067.195000,-2.491760
1069.124000,-20.673400
1071.052000,8.862198
1072.981000,29.369890
1074.909000,-20.390090
1076.838000,-88.298340
1078.766000,-114.382500
1080.694000,-54.773880
1082.623000,4.840946
1084.551000,-34.594910
1086.480000,-40.226700
1088.408000,-1.133327
1090.337000,-26.241780
1092.265000,6.852211
1094.194000,6.708214
1096.122000,-64.435750
1098.051000,-93.711030
1099.979000,-83.253140
1101.908000,-86.211270
1103.836000,-89.468250
1105.765000,-77.239880
1107.693000,-60.834570
1109.621000,-58.591880
1111.550000,-66.309950
1113.478000,-66.022720
1115.407000,-56.146940
1117.335000,-66.114760
1119.264000,-35.801180
1121.192000,0.037182
1123.121000,-12.412670
1125.049000,-65.545520
1126.978000,-39.497610
1128.906000,-32.467680
1130.835000,-54.699150
1132.763000,-70.040420
1134.692000,-55.122620
1136.620000,-38.143990
1138.548000,-15.523960
1140.477000,-19.198360
1142.405000,25.478070
1144.334000,60.434280
1146.262000,2.802830
1148.191000,5.107624
1150.119000,19.690940
1152.048000,31.899940
1153.976000,8.817848
1155.905000,-5.625156
1157.833000,24.710560
1159.762000,-11.873990
1161.690000,-71.110990
1163.619000,-69.082000
1165.547000,-16.699150
1167.475000,2.060020
1169.404000,-7.720516
1171.332000,17.042970
1173.261000,40.391970
1175.189000,39.504200
1177.118000,31.053740
1179.046000,-28.244110
1180.975000,3.758587
1182.903000,43.260070
1184.832000,38.321860
1186.760000,60.915610
1188.689000,69.138730
1190.617000,40.806390
1192.546000,62.714470
1194.474000,93.633960
1196.402000,66.635910
1198.331000,-17.972100
1200.259000,-3.411991
1202.188000,56.324760
1204.116000,46.504760
1206.045000,14.445360
1207.973000,10.597980
1209.902000,43.354700
1211.830000,100.052900
1213.759000,64.279720
1215.687000,83.636730
1217.616000,78.936660
1219.544000,47.333540
1221.473000,84.573460
1223.401000,130.469600
1225.329000,142.699600
1227.258000,122.029300
1229.186000,146.553600
1231.115000,120.643600
1233.043000,150.606700
1234.972000,159.127000
1236.900000,94.521210
1238.829000,75.316700
1240.757000,130.435300
1242.686000,151.030900
1244.614000,149.616900
1246.543000,121.774000
1248.471000,109.566900
1250.400000,142.265500
1252.328000,123.720900
1254.256000,139.407000
1256.185000,140.873100
1258.113000,102.706600
1260.042000,107.750900
1261.970000,181.727600
1263.899000,190.554000
1265.827000,222.152800
1267.756000,199.393600
1269.684000,213.032400
1271.613000,206.138200
1273.541000,156.554200
1275.470000,158.861800
1277.398000,165.378400
1279.327000,145.557600
1281.255000,161.334200
1283.183000,191.430500
1285.112000,219.773500
1287.040000,222.367900
1288.969000,183.245300
1290.897000,149.547900
1292.826000,218.596400
1294.754000,295.006100
1296.683000,316.551000
1298.611000,320.155400
1300.540000,324.588600
1302.468000,321.536300
1304.397000,296.532100
1306.325000,293.119700
1308.254000,304.755600
1310.182000,246.070700
1312.110000,224.926000
1314.039000,217.962000
1315.967000,203.966900
1317.896000,198.050100
1319.824000,193.234300
1321.753000,183.069300
1323.681000,158.734200
1325.610000,134.513100
1327.538000,188.253800
1329.467000,212.102900
1331.395000,212.577400
1333.324000,262.789300
1335.252000,320.042300
1337.181000,366.411300
1339.109000,353.102700
1341.037000,395.585300
1342.966000,494.908000
1344.894000,538.724200
1346.823000,553.811900
1348.751000,514.514800
1350.680000,460.131700
1352.608000,491.520800
1354.537000,359.348100
1356.465000,348.489400
1358.394000,280.192500
1360.322000,194.871700
1362.251000,172.037900
1364.179000,180.692700
1366.108000,147.591800
1368.036000,169.130200
1369.964000,139.255300
1371.893000,135.472200
1373.821000,155.020800
1375.750000,164.013900
1377.678000,138.138900
1379.607000,125.918300
1381.535000,146.882300
1383.464000,135.121400
1385.392000,190.280000
1387.321000,117.756200
1389.249000,117.524000
1391.178000,119.882200
1393.106000,125.233200
1395.035000,194.564800
1396.963000,153.979900
1398.891000,134.591400
1400.820000,127.172800
1402.748000,181.890700
1404.677000,202.411900
1406.605000,196.745700
1408.534000,206.552100
1410.462000,198.029000
1412.391000,179.090200
1414.319000,235.614600
1416.248000,268.398200
1418.176000,276.866600
1420.105000,296.915200
1422.033000,306.935300
1423.962000,303.376800
1425.890000,326.818800
1427.818000,313.839400
1429.747000,258.294300
1431.675000,251.766800
1433.604000,314.510500
1435.532000,221.893400
1437.461000,318.467800
1439.389000,381.130900
1441.318000,356.299200
1443.246000,313.243000
1445.175000,305.262000
1447.103000,312.420300
1449.032000,270.329900
1450.960000,335.062200
1452.889000,385.448500
1454.817000,340.255000
1456.745000,275.738500
1458.674000,315.595100
1460.602000,326.715900
1462.531000,246.494100
1464.459000,328.104500
1466.388000,267.687100
1468.316000,259.847100
1470.245000,303.865800
1472.173000,261.786300
1474.102000,139.445100
1476.030000,168.945400
1477.959000,206.599000
1479.887000,203.320100
1481.816000,229.503900
1483.744000,162.930700
1485.672000,227.546100
1487.601000,246.781100
1489.529000,220.027400
1491.458000,179.501100
1493.386000,165.659100
1495.315000,196.534600
1497.243000,281.428100
1499.172000,295.680800
1501.100000,169.088800
1503.029000,181.752000
1504.957000,180.738400
1506.886000,107.078200
1508.814000,94.781720
1510.743000,127.435500
1512.671000,161.241300
1514.599000,190.973400
1516.528000,160.983300
1518.456000,92.550020
1520.385000,60.245370
1522.313000,177.612500
1524.242000,23.673930
1526.170000,86.068270
1528.099000,158.952500
1530.027000,123.135400
1531.956000,98.268210
1533.884000,129.817400
1535.813000,82.579970
1537.741000,77.642000
1539.670000,75.954590
1541.598000,144.782600
1543.526000,155.895100
1545.455000,146.002300
1547.383000,139.671500
1549.312000,147.979400
1551.240000,182.021300
1553.169000,187.992000
1555.097000,169.388000
1557.026000,173.801900
1558.954000,117.477400
1560.883000,138.825500
1562.811000,91.559450
1564.740000,110.898800
1566.668000,135.876600
1568.597000,167.181100
1570.525000,167.798300
1572.453000,125.523000
1574.382000,130.497300
1576.310000,149.800900
1578.239000,147.569900
1580.167000,105.929000
1582.096000,206.960600
1584.024000,197.333200
1585.953000,154.626400
1587.881000,198.351900
1589.810000,250.110900
1591.738000,229.827000
1593.667000,201.213500
1595.595000,215.638500
1597.524000,278.000200
1599.452000,265.586100
1601.380000,229.965400
1603.309000,221.638800
1605.237000,299.522000
1607.166000,219.720900
1609.094000,102.475400
1611.023000,93.615690
1612.951000,149.084300
1614.880000,201.897000
1616.808000,197.235400
1618.737000,169.277000
1620.665000,194.982800
1622.594000,191.018800
1624.522000,128.994400
1626.451000,216.981200
1628.379000,258.555800
1630.307000,236.088800
1632.236000,239.285800
1634.164000,216.150700
1636.093000,196.531600
1638.021000,221.443100
1639.950000,244.781900
1641.878000,251.331600
1643.807000,217.878500
1645.735000,224.047200
1647.664000,285.945600
1649.592000,243.159000
1651.521000,160.777800
1653.449000,188.365300
1655.378000,220.943400
1657.306000,165.450300
1659.234000,140.988800
1661.163000,163.537900
1663.091000,164.494500
1665.020000,122.495400
1666.948000,83.626210
1668.877000,164.380600
1670.805000,128.608900
1672.734000,116.981000
1674.662000,109.254700
1676.591000,137.316200
1678.519000,94.262020
1680.448000,69.850130
1682.376000,18.883260
1684.305000,-6.180828
1686.233000,57.802380
1688.161000,33.182480
1690.090000,48.516110
1692.018000,64.510280
1693.947000,81.878850
1695.875000,70.616680
1697.804000,45.622690
1699.732000,38.969130
1701.661000,5.180405
1703.589000,-2.094574
1705.518000,14.709120
1707.446000,-2.037910
1709.375000,27.432140
1711.303000,39.976190
1713.232000,12.374260
1715.160000,91.932500
1717.089000,2.949230
1719.017000,-10.863650
1720.945000,37.532430
1722.874000,54.206050
1724.802000,12.490960
1726.731000,-47.249600
1728.659000,-22.131820
1730.588000,9.357933
1732.516000,-18.247380
1734.445000,-91.927020
1736.373000,-66.082120
1738.302000,-33.793990
1740.230000,-68.612200
1742.159000,-47.913980
1744.087000,-62.798440
1746.016000,-70.419020
1747.944000,-86.965350
1749.872000,-96.156520
1751.801000,-20.979510
1753.729000,-55.614730
1755.658000,-93.581730
1757.586000,-32.043840
1759.515000,6.422741
1761.443000,-72.425890
1763.372000,-113.044700
1765.300000,-101.698500
1767.229000,-72.145870
1769.157000,-46.235320
1771.086000,-65.188370
1773.014000,-72.423260
1774.943000,-45.341120
1776.871000,-94.549010
1778.799000,-82.752520
1780.728000,-20.601420
1782.656000,-44.248580
1784.585000,-59.677640
1786.513000,-43.275570
1788.442000,-44.170690
1790.370000,-49.185150
1792.299000,-53.607290
1794.227000,-45.566140
1796.156000,-49.135220
1798.084000,-96.798030
1800.013000,-92.306950
1801.941000,-56.184280
1803.870000,-46.375990
1805.798000,-37.773180
1807.726000,-56.857810
1809.655000,-30.475590
1811.583000,-70.108950
1813.512000,-103.368000
1815.440000,-42.536370
1817.369000,-21.730220
1819.297000,-33.877320
1821.226000,-93.646270
1823.154000,-136.351800
1825.083000,-116.623500
1827.011000,-63.591750
1828.940000,-86.207670
1830.868000,-62.908760
1832.797000,20.152400
1834.725000,-35.145310
1836.653000,-57.661250
1838.582000,-29.718460
1840.510000,-81.593410
1842.439000,-60.815580
1844.367000,-40.463180
1846.296000,-68.464320
1848.224000,-84.415130
1850.153000,-38.231960
1852.081000,35.659390
1854.010000,-62.750750
1855.938000,-28.315780
1857.867000,-75.734540
1859.795000,-80.134640
1861.724000,-18.943940
1863.652000,-33.320640
1865.580000,-43.185170
1867.509000,-84.468200
1869.437000,-112.011800
1871.366000,-31.293130
1873.294000,-12.223100
1875.223000,-47.714940
1877.151000,-67.496310
1879.080000,-50.219680
1881.008000,16.263470
1882.937000,-24.777440
1884.865000,-41.304710
1886.794000,-42.901470
1888.722000,-86.147090
1890.651000,-79.043530
1892.579000,-112.279400
1894.507000,-22.242420
1896.436000,-4.803310
1898.364000,-105.066000
1900.293000,2.859978
1902.221000,-48.998760
1904.150000,-92.603490
1906.078000,-45.987420
1908.007000,-43.439280
1909.935000,-62.795970
1911.864000,-80.927280
1913.792000,-56.305230
1915.721000,-8.349308
1917.649000,4.476028
1919.578000,-13.610000
1921.506000,-11.319450
1923.434000,26.705940
1925.363000,-16.016970
1927.291000,23.165100
1929.220000,-32.134330
1931.148000,-74.490810
1933.077000,-0.106415
1935.005000,-72.070600
1936.934000,-53.617660
1938.862000,-36.034320
1940.791000,-36.323410
1942.719000,44.412010
1944.648000,-19.659460
1946.576000,1.894768
1948.505000,-7.183491
1950.433000,-15.603970
1952.361000,-72.954190
1954.290000,-2.233341
1956.218000,-11.390870
1958.147000,-71.898220
1960.075000,-90.152150
1962.004000,-4.775951
1963.932000,48.640510
1965.861000,32.951610
1967.789000,-23.902000
1969.718000,-33.733680
1971.646000,-30.073850
1973.575000,-45.438620
1975.503000,-9.766972
1977.432000,-4.746784
1979.360000,-38.333640
1981.288000,12.554250
1983.217000,-10.454970
1985.145000,-41.631680
1987.074000,-1.894600
1989.002000,25.953280
1990.931000,15.629480
1992.859000,64.023870
1994.788000,7.618999
1996.716000,-19.439400
1998.645000,27.781390
2000.573000,30.684700
2002.502000,71.928220
2004.430000,27.147560
2006.359000,9.188774
2008.287000,51.909160
2010.215000,31.080550
2012.144000,56.830370
2014.072000,-7.596630
2016.001000,26.027070
2017.929000,33.527270
2019.858000,69.849750
2021.786000,3.146248
2023.715000,11.705310
2025.643000,93.920610
2027.572000,76.190570
2029.500000,104.212700
2031.429000,79.769070
2033.357000,114.616800
2035.286000,160.152000
2037.214000,235.450000
2039.142000,254.424600
2041.071000,144.839700
2042.999000,204.456000
2044.928000,272.598800
2046.856000,182.277800
2048.785000,207.028000
2050.713000,289.509900
2052.642000,320.141800
2054.570000,343.746500
2056.499000,311.254300
2058.427000,295.543100
2060.355000,343.535800
2062.284000,381.262700
2064.212000,425.255000
2066.141000,509.000000
2068.069000,567.353100
2069.998000,559.678400
2071.926000,591.639100
2073.855000,657.534700
2075.783000,701.490500
2077.712000,783.957700
2079.640000,786.133100
2081.569000,846.546100
2083.497000,909.031200
2085.426000,902.040600
2087.354000,905.740200
2089.282000,943.175700
2091.211000,1110.797000
2093.139000,1014.137000
2095.068000,1036.341000
2096.996000,1097.244000
2098.925000,1103.993000
2100.853000,1014.934000
2102.782000,989.076000
2104.710000,996.851300
2106.639000,1074.571000
2108.567000,1013.369000
2110.496000,946.070400
2112.424000,959.682400
2114.353000,892.936000
2116.281000,763.062000
2118.209000,733.524200
2120.138000,657.471300
2122.066000,534.574200
2123.995000,485.684600
2125.923000,311.058600
2127.852000,308.798300
2129.780000,325.150600
2131.709000,216.571000
2133.637000,170.242600
2135.566000,166.742600
2137.494000,110.546500
2139.423000,122.671600
2141.351000,173.800700
2143.280000,108.928700
2145.208000,96.586730
2147.136000,88.339970
2149.065000,152.756400
2150.993000,26.780580
2152.922000,34.574130
2154.850000,28.645100
2156.779000,76.602840
2158.707000,3.381073
2160.636000,47.201930
2162.564000,16.230590
2164.493000,46.383280
2166.421000,36.684520
2168.350000,30.241870
2170.278000,16.848630
2172.207000,5.937405
2174.135000,11.921890
2176.063000,-13.316580
2177.992000,-7.568058
2179.920000,-13.163610
2181.849000,-21.149140
2183.777000,-6.012592
2185.706000,47.820380
2187.634000,17.324620
2189.563000,10.198830
2191.491000,26.948510
2193.420000,34.882470
2195.348000,48.154640
2197.277000,-25.615360
2199.205000,6.605042
2201.134000,-53.494950
2203.062000,-6.237377
2204.990000,72.845900
2206.919000,71.985940
2208.847000,96.994020
2210.776000,123.892300
2212.704000,100.912800
2214.633000,58.833880
2216.561000,51.698620
2218.490000,58.087340
2220.418000,112.651000
2222.347000,60.135540
2224.275000,11.202710
2226.204000,27.319810
2228.132000,42.911770
2230.061000,64.814260
2231.989000,41.417300
2233.917000,39.638940
2235.846000,27.812320
2237.774000,26.368950
2239.703000,24.062470
2241.631000,7.126511
2243.560000,-12.062220
2245.488000,65.253810
2247.417000,45.346840
2249.345000,58.853560
2251.274000,40.757720
2253.202000,48.024890
2255.131000,71.044340
2257.059000,0.493431
2258.988000,30.045970
2260.916000,97.095020
2262.844000,74.598930
2264.773000,14.818080
2266.701000,22.911760
2268.630000,5.210518
2270.558000,65.213120
2272.487000,83.839240
2274.415000,47.430170
2276.344000,-35.894230
2278.272000,64.686840
2280.201000,33.423590
2282.129000,64.153920
2284.058000,78.127690
2285.986000,29.942430
2287.915000,-7.694485
2289.843000,39.915050
2291.771000,39.671310
2293.700000,11.484060
2295.628000,28.861220
2297.557000,62.184990
2299.485000,33.164710
2301.414000,6.632755
2303.342000,107.636700
2305.271000,86.652570
2307.199000,34.535990
2309.128000,114.575500
2311.056000,99.447110
2312.985000,34.038260
2314.913000,-32.081300
2316.842000,5.732071
2318.770000,53.528180
2320.698000,23.521610
2322.627000,62.822340
2324.555000,52.702940
2326.484000,-65.367130
2328.412000,42.650840
2330.341000,31.276960
2332.269000,94.047100
2334.198000,108.962400
2336.126000,15.829380
2338.055000,19.466250
2339.983000,44.622100
2341.912000,44.762750
2343.840000,41.084590
2345.769000,56.017540
2347.697000,-8.234547
2349.625000,71.563790
2351.554000,52.562320
2353.482000,30.149570
2355.411000,31.436870
2357.339000,112.690900
2359.268000,96.156130
2361.196000,42.923990
2363.125000,39.786260
2365.053000,36.707280
2366.982000,69.609660
2368.910000,20.570640
2370.839000,48.918590
2372.767000,46.910210
2374.696000,6.692696
2376.624000,2.053520
2378.552000,42.628300
2380.481000,-68.411240
2382.409000,78.949420
2384.338000,53.879820
2386.266000,-18.925700
2388.195000,23.976570
2390.123000,-65.679870
2392.052000,13.907090
2393.980000,28.377220
2395.909000,37.437290
2397.837000,139.632500
2399.766000,116.893900
2401.694000,68.842580
2403.623000,69.557950
2405.551000,26.067070
2407.479000,93.158740
2409.408000,22.769700
2411.336000,8.714417
2413.265000,43.767280
2415.193000,101.976500
2417.122000,71.205950
2419.050000,100.965600
2420.979000,5.677406
2422.907000,43.523640
2424.836000,41.917290
2426.764000,42.190250
2428.693000,110.538900
2430.621000,62.966810
2432.550000,27.036550
2434.478000,45.040130
2436.406000,36.838110
2438.335000,10.253250
2440.263000,33.072150
2442.192000,31.056640
2444.120000,19.636040
2446.049000,39.187400
2447.977000,33.238310
2449.906000,-19.674270
2451.834000,52.152430
2453.763000,15.755970
2455.691000,32.887330
2457.620000,-0.655411
2459.548000,-39.635930
2461.477000,39.760090
2463.405000,45.951080
2465.333000,132.031200
2467.262000,95.439300
2469.190000,28.618200
2471.119000,34.155280
2473.047000,36.449810
2474.976000,61.428280
2476.904000,94.144290
2478.833000,74.498820
2480.761000,68.777740
2482.690000,69.636800
2484.618000,-9.545940
2486.547000,60.412110
2488.475000,89.210880
2490.404000,83.733200
2492.332000,89.439360
2494.260000,20.492070
2496.189000,77.647680
2498.117000,168.936800
2500.046000,48.133010
2501.974000,75.508490
2503.903000,138.271100
2505.831000,92.866190
2507.760000,-2.506596
2509.688000,56.311570
2511.617000,33.247430
2513.545000,31.066230
2515.474000,138.310600
2517.402000,119.893400
2519.331000,9.186855
2521.259000,22.618480
2523.188000,3.419441
2525.116000,21.901120
2527.044000,29.570230
2528.973000,37.600820
2530.901000,154.784900
2532.830000,91.669640
2534.758000,0.400959
2536.687000,12.341620
2538.615000,43.865880
2540.544000,9.493244
2542.472000,24.374230
2544.401000,100.560700
2546.329000,80.182420
2548.258000,-17.316550
2550.186000,33.760440
2552.115000,68.170210
2554.043000,47.113320
2555.971000,70.966940
2557.900000,91.952140
2559.828000,43.784490
2561.757000,93.731420
2563.685000,71.593220
2565.614000,50.364270
2567.542000,69.011210
2569.471000,91.837270
2571.399000,121.840400
2573.328000,100.461400
2575.256000,79.578770
2577.185000,103.659300
2579.113000,149.223000
2581.042000,75.629280
2582.970000,4.957611
2584.898000,25.414190
2586.827000,69.517670
2588.755000,24.269890
2590.684000,-17.147180
2592.612000,68.387310
2594.541000,108.989500
2596.469000,54.178260
2598.398000,86.746930
2600.326000,78.690580
2602.255000,115.321300
2604.183000,82.103650
2606.112000,135.061200
2608.040000,116.224500
2609.969000,67.775780
2611.897000,67.233580
2613.825000,104.992800
2615.754000,0.507748
2617.682000,29.791010
2619.611000,43.353190
2621.539000,-28.024850
2623.468000,66.244170
2625.396000,64.857740
2627.325000,27.156310
2629.253000,-9.178127
2631.182000,-36.937210
2633.110000,110.431500
2635.039000,58.944840
2636.967000,28.725830
2638.896000,49.082380
2640.824000,80.171710
2642.752000,102.411000
2644.681000,55.467420
2646.609000,50.551610
2648.538000,110.520700
2650.466000,34.175940
2652.395000,60.443610
2654.323000,157.237200
2656.252000,250.389300
2658.180000,142.500800
2660.109000,81.320890
2662.037000,109.680100
2663.966000,113.373900
2665.894000,28.309650
2667.823000,-46.019760
2669.751000,50.790900
2671.679000,7.435097
2673.608000,-14.470490
2675.536000,49.581710
2677.465000,111.377800
2679.393000,141.026300
2681.322000,111.261000
2683.250000,-18.113120
2685.179000,65.655780
2687.107000,84.140210
2689.036000,113.358300
2690.964000,-2.834492
2692.893000,64.843070
2694.821000,75.268830
2696.750000,96.384900
2698.678000,72.310070
2700.606000,120.786100
2702.535000,58.981270
2704.463000,26.596420
2706.392000,21.327870
2708.320000,24.056690
2710.249000,70.109050
2712.177000,-16.083410
2714.106000,90.403970
2716.034000,51.206670
2717.963000,22.724350
2719.891000,4.136551
2721.820000,48.839020
2723.748000,60.184050
2725.677000,9.956768
2727.605000,105.864600
2729.533000,107.050600
2731.462000,85.700000
2733.390000,67.390550
2735.319000,-30.305480
2737.247000,-36.966340
2739.176000,5.821182
2741.104000,48.904100
2743.033000,-24.313910
2744.961000,37.909340
2746.890000,77.274750
2748.818000,83.903420
2750.747000,129.857700
2752.675000,32.709130
2754.604000,70.199630
2756.532000,220.870900
2758.460000,52.522600
2760.389000,57.216500
2762.317000,14.444440
2764.246000,103.690300
2766.174000,119.748400
2768.103000,63.367470
2770.031000,58.245510
2771.960000,37.370190
2773.888000,58.553150
2775.817000,94.625780
2777.745000,128.286200
2779.674000,53.358470
2781.602000,4.168186
2783.531000,-27.921780
2785.459000,-2.287411
2787.387000,-30.560310
2789.316000,23.601800
2791.244000,33.085020
2793.173000,68.294970
2795.101000,19.289130
2797.030000,84.202020
2798.958000,145.818700
2800.887000,101.095000
2802.815000,-70.436360
2804.744000,15.750450
2806.672000,31.495930
2808.601000,96.919590
2810.529000,171.765800
2812.458000,81.424210
2814.386000,56.469250
2816.314000,28.468300
2818.243000,-2.019562
2820.171000,129.688400
2822.100000,115.274300
2824.028000,226.660000
2825.957000,138.394600
2827.885000,146.337900
2829.814000,128.373000
2831.742000,181.979400
2833.671000,36.822360
2835.599000,62.660340
2837.528000,58.323650
2839.456000,35.429130
2841.385000,193.719800
2843.313000,234.077800
2845.241000,175.288300
2847.170000,145.508200
2849.098000,169.244200
2851.027000,82.050060
2852.955000,118.055700
2854.884000,179.546900
2856.812000,212.885500
2858.741000,194.786900
2860.669000,135.819500
2862.598000,212.842000
2864.526000,185.214700
2866.455000,259.305900
2868.383000,322.287300
2870.312000,181.409700
2872.240000,232.758900
2874.168000,305.755700
2876.097000,286.309300
2878.025000,250.934400
2879.954000,282.874700
2881.882000,372.946800
2883.811000,385.787700
2885.739000,476.600300
2887.668000,365.948500
2889.596000,324.560400
2891.525000,346.070000
2893.453000,508.778700
2895.382000,505.762700
2897.310000,442.135000
2899.239000,575.222500
2901.167000,770.566800
2903.095000,485.254800
2905.024000,666.761000
2906.952000,605.627600
2908.881000,549.086100
2910.809000,619.767000
2912.738000,659.413100
2914.666000,466.385300
2916.595000,618.826800
2918.523000,518.526100
2920.452000,594.345800
2922.380000,623.187900
2924.309000,596.249600
2926.237000,706.227500
2928.166000,463.309700
2930.094000,488.100100
2932.022000,696.873800
2933.951000,719.134000
2935.879000,620.187100
2937.808000,631.521400
2939.736000,673.906700
2941.665000,651.153100
2943.593000,568.237400
2945.522000,614.015700
2947.450000,445.445500
2949.379000,345.659600
2951.307000,684.442900
2953.236000,405.654200
2955.164000,316.004500
2957.093000,464.002500
2959.021000,413.054200
2960.949000,461.185300
2962.878000,385.578600
2964.806000,354.716100
2966.735000,418.462000
2968.663000,434.505700
2970.592000,268.138000
2972.520000,512.881300
2974.449000,254.589400
2976.377000,48.725940
2978.306000,192.127100
2980.234000,242.688200
2982.163000,347.695600
2984.091000,120.224000
2986.020000,282.715200
2987.948000,328.422400
2989.876000,165.271400
2991.805000,166.882600
2993.733000,291.958600
2995.662000,115.161400
2997.590000,158.384600
2999.519000,-2.241467
3001.447000,241.492500
3003.376000,63.435370
3005.304000,-32.782540
3007.233000,106.222300
3009.161000,174.501000
3011.090000,78.335130
3013.018000,-64.763020
3014.947000,-145.991800
3016.875000,43.130390
3018.803000,134.568800
3020.732000,-120.238200
3022.660000,-40.743740
3024.589000,-100.838600
3026.517000,19.562050
3028.446000,105.632400
3030.374000,147.807200
3032.303000,83.444990
3034.231000,-41.713330
3036.160000,77.889400
3038.088000,-45.798960
3040.017000,50.569730
3041.945000,114.557000
3043.874000,57.731750
3045.802000,66.979410
3047.730000,49.138550
3049.659000,46.458930
3051.587000,-6.563366
3053.516000,147.502300
3055.444000,-248.484000
3057.373000,-355.556900
3059.301000,-185.227500
3061.230000,-84.402100
3063.158000,-44.494760
3065.087000,-50.519540
3067.015000,53.362080
3068.944000,165.582500
3070.872000,-236.742800
3072.801000,-86.558880
3074.729000,-177.612500
3076.657000,11.406810
3078.586000,-161.787500
3080.514000,-9.988110
3082.443000,-124.955700
3084.371000,13.235500
3086.300000,-107.244900
3088.228000,62.663860
3090.157000,-61.980790
3092.085000,-77.444690
3094.014000,-42.244570
3095.942000,99.387510
3097.871000,-200.882100
3099.799000,-234.669000
3101.728000,-309.198500
3103.656000,104.596600
3105.584000,-199.213400
3107.513000,-207.162800
3109.441000,84.814290
3111.370000,-272.396900
3113.298000,-85.226640
3115.227000,-71.897670
3117.155000,-70.827060
3119.084000,-388.734900
3121.012000,-126.434800
3122.941000,52.060360
3124.869000,-61.269870
3126.798000,-200.768900
3128.726000,-3.910770
3130.655000,-81.987950
3132.583000,-113.110500
3134.511000,-25.264700
3136.440000,-238.493500
3138.368000,-83.531740
3140.297000,-89.278340
3142.225000,-299.813200
3144.154000,-85.739910
3146.082000,25.434230
3148.011000,1.248764
3149.939000,-9.759823
3151.868000,-58.067010
3153.796000,-66.495800
3155.725000,24.470380
3157.653000,-175.889700
3159.582000,149.305500
3161.510000,39.023970
3163.438000,-179.524000
3165.367000,52.612810
3167.295000,-130.865700
3169.224000,-17.612870
3171.152000,-10.895580
3173.081000,-85.835420
3175.009000,-321.293500
3176.938000,-79.667100
3178.866000,-123.225500
3180.795000,50.864530
3182.723000,-495.001100
3184.652000,-242.637700
3186.580000,-360.743900
3188.509000,-332.092300
3190.437000,67.452540
3192.365000,-10.597390
3194.294000,-187.643800
3196.222000,-36.855030
3198.151000,-51.252230
3200.079000,287.794200
3202.008000,-99.886290
3203.936000,49.200670
3205.865000,-2.428158
3207.793000,-14.220540
3209.722000,-173.243800
3211.650000,-277.050300
3213.579000,-186.105000
3215.507000,139.774700
3217.436000,65.383300
3219.364000,223.272800
3221.292000,-71.646270
3223.221000,209.929800
3225.149000,249.954700
3227.078000,-51.946040
3229.006000,-145.706800
3230.935000,-58.788910
3232.863000,-191.357100
3234.792000,-229.501000
3236.720000,-32.928140
3238.649000,-102.886900
3240.577000,-139.174400
3242.506000,-331.345700
3244.434000,-443.170300
3246.363000,-226.893300
3248.291000,9.490719
3250.219000,-248.680900
3252.148000,10.114130
3254.076000,340.094600
3256.005000,-49.918290
3257.933000,-318.561100
3259.862000,-237.657200
3261.790000,-138.952300
3263.719000,-27.744270
3265.647000,66.678960
3267.576000,88.693890
3269.504000,-204.472200
3271.433000,-225.699700
3273.361000,-7.490009
3275.290000,-235.113100
3277.218000,-121.907300
3279.146000,-253.353800
3281.075000,-338.762200
3283.003000,-33.120270
3284.932000,-135.798000
3286.860000,-376.355700
3288.789000,-445.735900
3290.717000,55.736620
3292.646000,-383.494400
3294.574000,-60.699400
3296.503000,-90.104510
3298.431000,-432.245500
3300.360000,-231.843800
